id,title,genre,releaseYear
1,Zootopia,Animation,2016
2,Aladdin,Animation,1992
3,Inception,Sci-Fi,2010
4,The Matrix,Sci-Fi,1999
5,Interstellar,Sci-Fi,2014
6,Arrival,Sci-Fi,2016
7,Blade Runner 2049,Sci-Fi,2017
8,Dune,Sci-Fi,2021
9,The Martian,Sci-Fi,2015
10,Avatar,Sci-Fi,2009
11,Wall E,Animation,2008
12,Toy Story,Animation,1995
13,Finding Nemo,Animation,2003
14,Inside Out,Animation,2015
15,Coco,Animation,2017
16,Spirited Away,Animation,2001
17,Your Name,Animation,2016
18,Frozen,Animation,2013
19,Moana,Animation,2016
20,Shrek,Animation,2001
21,The Lion King,Animation,1994
22,Harry Potter,Fantasy,2001
23,The Lord of the Rings,Fantasy,2001
24,Pirates of the Caribbean,Adventure,2003
25,Jurassic Park,Adventure,1993
26,Indiana Jones,Adventure,1981
27,National Treasure,Adventure,2004
28,Jumanji,Adventure,1995
29,Mission Impossible,Action,1996
30,Top Gun Maverick,Action,2022
31,Mad Max Fury Road,Action,2015
32,John Wick,Action,2014
33,The Dark Knight,Action,2008
34,Gladiator,Action,2000
35,Avengers Endgame,Action,2019
36,Black Panther,Action,2018
37,Forrest Gump,Drama,1994
38,The Shawshank Redemption,Drama,1994
39,The Pursuit of Happyness,Drama,2006
40,La La Land,Romance,2016
41,Titanic,Romance,1997
42,Before Sunrise,Romance,1995
43,The Notebook,Romance,2004
44,About Time,Romance,2013
45,Notting Hill,Romance,1999
46,Love Actually,Romance,2003
47,The Grand Budapest Hotel,Comedy,2014
48,Home Alone,Comedy,1990
49,The Intern,Comedy,2015
50,Mean Girls,Comedy,2004
51,Legally Blonde,Comedy,2001
52,School of Rock,Comedy,2003
53,The Hangover,Comedy,2009
54,Parasite,Thriller,2019
55,Gone Girl,Thriller,2014
56,Shutter Island,Thriller,2010
57,The Silence of the Lambs,Thriller,1991
58,Oldboy,Thriller,2003
59,Memories of Murder,Crime,2003
60,The Godfather,Crime,1972
61,Se7en,Crime,1995
62,Zodiac,Crime,2007
63,Knives Out,Mystery,2019
64,Memento,Mystery,2000
65,The Prestige,Mystery,2006
66,Get Out,Horror,2017
67,A Quiet Place,Horror,2018
68,The Conjuring,Horror,2013
69,Hereditary,Horror,2018
70,Train to Busan,Horror,2016
71,The Social Network,Drama,2010
72,Whiplash,Drama,2014
73,Little Women,Drama,2019
74,Minari,Drama,2020
75,Everything Everywhere All at Once,Sci-Fi,2022
76,Spider Man Into the Spider Verse,Animation,2018
77,Guardians of the Galaxy,Sci-Fi,2014
78,Doctor Strange,Fantasy,2016
79,Pan's Labyrinth,Fantasy,2006
80,The Shape of Water,Fantasy,2017
81,The Devil Wears Prada,Comedy,2006
82,Ocean's Eleven,Crime,2001
83,Catch Me If You Can,Crime,2002
84,The Truman Show,Drama,1998
85,Eternal Sunshine,Romance,2004
86,The Imitation Game,Drama,2014
87,Up,Animation,2009
88,Ratatouille,Animation,2007
89,Soul,Animation,2020
90,A Star Is Born,Romance,2018
91,Crazy Rich Asians,Romance,2018
92,The Proposal,Romance,2009
93,Edge of Tomorrow,Sci-Fi,2014
94,Ex Machina,Sci-Fi,2014
95,Tenet,Sci-Fi,2020
96,Baby Driver,Action,2017
97,The Raid,Action,2011
98,The Bourne Identity,Action,2002
99,1917,Drama,2019
100,The King's Speech,Drama,2010
101,Return to Sydney,Thriller,2015
102,The Season of Harbor,Comedy,2008
103,Valley Theory,Animation,1975
104,Beyond the Witness,Comedy,1990
105,Crimson Days,Drama,1974
106,Inside the Cosmic Memory Chapter 3,Animation,1984
107,Fallen Days,Sci-Fi,2024
108,A Hollow Island,Romance,1986
109,Inside the Fallen Kingdom,Animation,2023
110,Dawn Protocol,Sci-Fi,1986
111,Legend Protocol,Romance,1976
112,A Lunar Kingdom,Drama,1999
113,Iron Signal,Animation,2024
114,The Crimson Castle,Romance,1996
115,The Empire of Boston,Action,2004
116,Before the River,Romance,2002
117,Paris Heart,Animation,1998
118,Before the Legend,Romance,1977
119,The Echo of Amazon,Adventure,1992
120,Inside the Blue Echo,Crime,1972
121,Beyond the Promise,Animation,1972
122,Lunar Fire,Sci-Fi,1980
123,Empire Theory,Sci-Fi,2012
124,Beyond the Echo,Thriller,1982
125,Frontier Theory Case 2,Animation,1994
126,The Puzzle of Venice,Adventure,2008
127,The Signal of Arcadia,Crime,2004
128,The Wild Memory,Animation,1972
129,After Sydney,Crime,2004
130,Circle Protocol File 9,Sci-Fi,2005
131,Memory of Boston,Crime,1998
132,Paris Voyage Part 9,Action,2025
133,Song Protocol,Action,1979
134,Ocean Tower of Nowhere,Sci-Fi,2015
135,Inside the Solar Echo File 6,Sci-Fi,1985
136,River Protocol,Sci-Fi,1988
137,After Lisbon File 2,Action,1975
138,Before the Code,Drama,1972
139,A Velvet Memory,Crime,2006
140,A Golden Carnival File 4,Fantasy,1989
141,The Forest of Moonbase,Thriller,2002
142,The Broken Secret,Drama,2003
143,A Frozen Frontier,Animation,1977
144,A Velvet Night,Drama,1985
145,Wild Days,Animation,1985
146,Tower Protocol Chapter 7,Romance,1987
147,The Silent Quest,Sci-Fi,1975
148,A Ocean Road Case 2,Crime,2014
149,Before the Galaxy,Horror,1986
150,Before the Train,Animation,1997
151,Return to Montana,Mystery,2025
152,First Bridge of Eden,Comedy,1981
153,The Secret of Berlin,Fantasy,2011
154,Beyond the Carnival,Animation,2018
155,Secret Storm,Action,1984
156,Urban Days,Sci-Fi,2009
157,Return to Nowhere,Fantasy,2021
158,The Urban Valley,Sci-Fi,2013
159,Station Protocol File 4,Romance,1995
160,Wild Stranger,Adventure,2011
161,Light Theory,Sci-Fi,1993
162,Secret Galaxy of Seoul,Action,2005
163,Return to Sahara,Adventure,1999
164,A Savage Season Chapter 3,Horror,1974
165,Iceland Message,Drama,1977
166,Before the Station,Romance,2001
167,Harbor Code,Drama,1984
168,Electric Tower of Moonbase,Crime,2015
169,Mirror Theory,Sci-Fi,1985
170,First Days,Adventure,1993
171,Before the Station Chapter 2,Drama,1991
172,Before the Tower,Adventure,2012
173,Beyond the Machine,Animation,1999
174,Return to Montana Chapter 5,Romance,2021
175,Shadow of Seoul,Thriller,1983
176,The Light of Eden,Romance,1994
177,Return to Oslo,Romance,1995
178,Radiant Tower of Montana,Action,1988
179,Parallel Horizon,Crime,2018
180,After Oslo,Sci-Fi,1982
181,A First Ocean,Sci-Fi,2021
182,The Ocean of Lisbon Part 3,Comedy,2023
183,Wild Kingdom of London,Romance,2022
184,Before the Song,Mystery,1980
185,Forest of Avalon Case 5,Mystery,1997
186,Inside the Silent Circle,Crime,1980
187,Beyond the Song,Sci-Fi,2013
188,Brave Days Part 6,Action,1994
189,A Invisible Empire,Animation,2018
190,Wandering Days,Horror,2012
191,Labyrinth Theory,Horror,2004
192,The Lunar City,Comedy,2023
193,Bridge Theory,Animation,2010
194,The Lunar Empire,Crime,1987
195,Frontier Theory,Adventure,1975
196,The Heart of Harbor,Crime,1994
197,Promise Theory,Animation,2020
198,Return to Mars,Sci-Fi,1989
199,Iron Days,Sci-Fi,2009
200,The Voyage of Iceland,Comedy,2019
201,City of Sahara,Adventure,2005
202,The Final Room,Fantasy,1987
203,Before the Horizon,Adventure,2002
204,Gentle Forest of Mars,Drama,2016
205,A Wild Empire,Comedy,1973
206,After Iceland,Animation,1976
207,Solar Circle,Thriller,2018
208,Blue Mirror,Sci-Fi,1989
209,The Planet of Iceland,Sci-Fi,1987
210,Station Theory,Crime,2010
211,Before the Planet,Mystery,1978
212,Secret Theory File 2,Romance,2018
213,Burning Message of Havana Case 9,Action,1972
214,Harbor Castle,Adventure,1980
215,After Lisbon Part 7,Drama,2004
216,Beyond the Ocean,Comedy,2025
217,The Frozen Fire,Thriller,1996
218,Eden Kingdom Case 8,Horror,2011
219,Bridge Protocol,Mystery,2014
220,Mars Shadow,Sci-Fi,1992
221,Inside the Eternal Planet Case 5,Mystery,2010
222,Inside the Last Valley,Animation,2001
223,After Venice,Action,1995
224,A Brave Carnival File 3,Animation,1995
225,Hollow Frontier of Arcadia,Animation,1983
226,Hollow Door of Lisbon,Action,1981
227,Before the Horizon Part 8,Horror,2006
228,Bright Frontier,Horror,2010
229,A Glass Ocean,Drama,2025
230,Eden Castle,Romance,1986
231,A First Forest,Romance,2002
232,The Promise of Harbor Chapter 6,Romance,2003
233,Before the Code Chapter 9,Romance,1972
234,Blue Days,Drama,1997
235,Endless Horizon Part 9,Adventure,1979
236,A Endless Message,Crime,1989
237,Beyond the Shadow,Animation,1974
238,Kyoto Forest,Crime,2001
239,Inside the Forgotten Storm,Action,2009
240,Prague Quest,Romance,1977
241,Forest Theory,Crime,1993
242,Restless Garden,Comedy,1975
243,After Kyoto,Sci-Fi,1974
244,Room Theory,Comedy,1989
245,After Prague,Thriller,2010
246,Beyond the Station,Sci-Fi,2021
247,A Forgotten Road File 7,Thriller,2016
248,After Nowhere,Animation,1972
249,Before the Labyrinth,Animation,2010
250,Distant Bridge,Action,1989
251,Before the Secret File 7,Drama,1984
252,Inside the Lonely Galaxy,Sci-Fi,1978
253,Heart Theory,Animation,1994
254,Inside the Final Garden,Thriller,1977
255,Burning Days,Fantasy,1993
256,After Orion,Adventure,1983
257,The Door of Venice,Fantasy,1984
258,Inside the Neon Valley,Fantasy,2013
259,Season of Havana,Animation,1982
260,Boston Horizon Part 9,Animation,2024
261,After Brooklyn File 6,Adventure,1977
262,Forgotten Days,Comedy,2009
263,Room Protocol,Romance,1999
264,The Door of Kyoto Case 6,Comedy,2016
265,Kingdom Protocol,Animation,1992
266,Strange Labyrinth,Fantasy,1972
267,Boston Light,Thriller,1973
268,Dark Days,Comedy,1997
269,Stranger Theory,Action,2005
270,The Bridge of Nowhere,Crime,1983
271,Forgotten Galaxy,Romance,2014
272,The Electric Secret,Comedy,2007
273,Wild Fire,Romance,1978
274,Beyond the Code,Fantasy,2017
275,After Harbor,Drama,1991
276,Tower Theory,Adventure,1974
277,Sahara Mirror,Comedy,2013
278,A Final City,Animation,1990
279,Last Kingdom of Orion,Romance,1977
280,Silver Mirror of Harbor,Sci-Fi,2015
281,Ancient Days,Animation,1985
282,Secret Theory,Horror,2023
283,Before the Forest,Fantasy,1976
284,After Havana,Drama,1985
285,A Lunar Carnival,Comedy,1984
286,The Carnival of Amazon,Crime,1974
287,Last Days,Romance,2008
288,Season of Iceland,Action,1974
289,Forgotten Song,Comedy,2007
290,Tokyo Room,Drama,2019
291,Brooklyn River,Sci-Fi,1995
292,Lisbon Signal,Horror,2023
293,Before the Secret,Romance,1987
294,Inside the Midnight Stranger,Animation,2022
295,After Atlantis,Crime,1984
296,Quantum Bridge,Romance,2019
297,Beyond the Light,Action,2022
298,After Nevada,Romance,1991
299,Heart Protocol Part 6,Comedy,1986
300,Radiant Mirror of Venice,Drama,2011
301,Distant Days,Crime,1997
302,Before the Ocean,Drama,2007
303,Beyond the Heart,Romance,1997
304,The Forgotten Secret,Animation,1984
305,Return to Amazon,Sci-Fi,1978
306,Stranger Protocol,Romance,1988
307,Return to London,Romance,1991
308,Voyage Theory,Romance,2018
309,Valley Protocol,Animation,2021
310,Berlin Night File 6,Animation,2005
311,The Lost Bridge,Adventure,1988
312,Return to Iceland,Drama,2004
313,A Blue Night,Drama,2024
314,Return to Atlantis,Sci-Fi,2021
315,Beyond the Road,Romance,2001
316,Return to Sydney Part 2,Drama,2022
317,Inside the Solar Storm,Animation,2015
318,Beyond the Dawn,Sci-Fi,2012
319,Galaxy Theory Chapter 7,Adventure,2013
320,Beyond the Empire Chapter 4,Adventure,2010
321,Arcadia City,Sci-Fi,2001
322,A Strange Echo Part 9,Action,1995
323,Restless Station of Havana,Fantasy,2012
324,Return to Eden,Animation,2021
325,Beyond the Quest,Romance,1992
326,The Garden of Seoul,Action,1973
327,The Burning Quest,Romance,1973
328,After Manhattan,Drama,1995
329,Beyond the Voyage,Romance,2022
330,Inside the Wandering Tower,Sci-Fi,1984
331,The Broken Witness,Sci-Fi,1995
332,Inside the Dark Garden,Thriller,1973
333,Royal Days File 8,Drama,1995
334,Before the Frontier,Drama,1988
335,Puzzle Theory,Sci-Fi,1986
336,Inside the Wild Mirror,Comedy,1984
337,A Ocean Carnival,Fantasy,1994
338,Royal Archive,Sci-Fi,1996
339,Galaxy Protocol Part 3,Animation,1990
340,Brooklyn Carnival,Animation,2014
341,Parallel Voyage of Venice,Drama,2012
342,The Eternal Room,Comedy,1981
343,Inside the Savage Door Chapter 4,Adventure,2023
344,A Midnight Shadow File 2,Thriller,1974
345,The Iron Storm,Crime,1984
346,After Sydney Case 4,Drama,2023
347,Prague Garden,Action,1986
348,Electric Days,Action,1982
349,Fallen Ocean of Eden,Romance,1973
350,Harbor Train,Animation,2003
351,Signal Protocol,Horror,2025
352,Voyage of Mars,Action,1972
353,River Theory,Action,2004
354,A Lonely Quest,Crime,1997
355,Return to Nevada,Drama,1993
356,Golden Voyage Case 6,Animation,1994
357,Return to Eden Case 8,Action,2018
358,Manhattan Code,Action,1983
359,The Carnival of Arcadia,Action,2002
360,Return to Mars File 3,Animation,2000
361,Inside the Quantum Message,Action,1984
362,Inside the Royal Night,Sci-Fi,1979
363,Inside the Silver Planet,Fantasy,1999
364,A Silent Storm,Romance,1976
365,After Boston Chapter 7,Sci-Fi,1997
366,City of London,Crime,1995
367,Puzzle of Manhattan,Animation,1989
368,A Silent Forest,Animation,2021
369,Quantum Island of Berlin,Action,1997
370,Dream of Sahara,Animation,1981
371,Atlantis Night,Adventure,1995
372,Beyond the City,Romance,1990
373,A Burning Song,Animation,2024
374,Mars River,Fantasy,1996
375,Radiant Garden of Berlin,Romance,2013
376,Venice Light,Comedy,2006
377,Memory Theory,Action,2019
378,Inside the Parallel Station,Sci-Fi,2006
379,A Electric Station,Action,2002
380,Eden Puzzle,Animation,1978
381,Dark Station of Havana Case 5,Action,1996
382,A Solar Island,Sci-Fi,1976
383,A Silent Labyrinth,Fantasy,1987
384,Beyond the Season,Action,2001
385,Labyrinth Protocol,Animation,1989
386,A Hidden Memory,Comedy,2007
387,Witness Protocol,Animation,2013
388,The Golden Circle,Romance,2017
389,Beyond the Frontier,Romance,2021
390,Puzzle of Oslo,Animation,2001
391,Neon Dawn Part 6,Animation,2018
392,Inside the Cosmic Storm,Action,2010
393,Dark Island of Oslo,Comedy,2014
394,Empire of Atlantis,Crime,1985
395,A Savage Road,Action,1990
396,Road Theory,Crime,1980
397,Return to Paris,Sci-Fi,2020
398,The Last Horizon,Adventure,1984
399,Castle of Boston,Animation,2011
400,Seoul Forest,Animation,1992
401,A Cosmic Shadow,Romance,1985
402,Gentle Valley,Drama,1992
403,Code of Harbor,Romance,1972
404,Inside the Lost Dream,Animation,1977
405,Parallel Voyage,Romance,2016
406,Parallel Days,Animation,2010
407,A Gentle Valley,Mystery,1980
408,Glass Days,Romance,2018
409,Before the Witness,Drama,1974
410,Before the Signal,Action,1989
411,Before the Puzzle File 5,Horror,2008
412,The Quantum Road,Sci-Fi,1994
413,A Endless Stranger,Romance,1998
414,Nowhere Signal,Action,1990
415,Ocean Protocol Case 6,Adventure,2007
416,After Amazon,Animation,1995
417,Garden of Iceland,Animation,1973
418,Before the Valley,Horror,1991
419,After Cairo,Horror,1980
420,Fire Theory,Romance,1978
421,Heart Protocol,Drama,1997
422,Before the Road Part 3,Comedy,1981
423,Silver Garden of London,Action,1981
424,Island Theory,Horror,2005
425,Inside the Silver Voyage,Drama,2020
426,The Valley of Lisbon,Fantasy,1980
427,The Ancient Night,Sci-Fi,2017
428,After Orion Case 8,Drama,2025
429,A Silent Stranger,Action,2020
430,The Legend of Arcadia Part 3,Drama,2015
431,Return to Venice,Action,2025
432,Forgotten Dawn,Animation,1990
433,Silent Days File 2,Crime,1981
434,The Hollow Memory,Fantasy,1972
435,The Velvet Train,Drama,2019
436,Wandering Door of Eden,Thriller,2002
437,Radiant Planet,Animation,1984
438,Station Protocol File 3,Drama,1996
439,Nevada Echo,Action,2023
440,Room Protocol File 4,Drama,2009
441,Manhattan Fire Case 5,Romance,2000
442,Strange Days,Romance,1989
443,Brave Signal Case 8,Sci-Fi,2013
444,Gentle Days,Romance,2005
445,A Lonely Puzzle,Drama,2001
446,Radiant Days Part 9,Fantasy,1995
447,Night Theory,Drama,1982
448,The Train of Montana Part 2,Fantasy,2020
449,Inside the Forgotten Room Part 4,Animation,2008
450,Lisbon Light,Sci-Fi,2002
451,Inside the Red Road,Mystery,2012
452,City Protocol,Action,1994
453,Neon Machine,Sci-Fi,1981
454,Beyond the Secret,Action,2012
455,Beyond the Forest,Crime,1996
456,Eternal Planet of Seoul Part 9,Fantasy,1982
457,Radiant City Part 8,Action,2004
458,Inside the Ocean Empire Case 6,Crime,1991
459,Empire Protocol,Crime,2006
460,Return to Venice Part 5,Fantasy,1978
461,Before the Puzzle,Action,1997
462,Silver Heart of Amazon,Horror,2006
463,A Final Door,Sci-Fi,1997
464,The Mirror of Oslo,Animation,2007
465,The Stranger of Nevada,Mystery,2017
466,Inside the Lonely Light,Horror,2011
467,A Eternal Bridge,Fantasy,1988
468,Havana Bridge,Action,2013
469,Glass Dream,Action,1978
470,A Strange Frontier,Thriller,1975
471,Parallel Fire Chapter 6,Mystery,1985
472,Restless Station of Oslo,Action,2019
473,Season of Brooklyn,Fantasy,1996
474,Harbor Ocean,Romance,1977
475,Final Heart,Drama,2024
476,Code of Sydney,Romance,2020
477,Gentle Room,Comedy,2018
478,The Last Carnival,Drama,1981
479,Tower of Nowhere,Romance,2006
480,Manhattan Legend,Sci-Fi,1980
481,Before the Door Case 2,Thriller,1993
482,Before the Archive,Animation,2004
483,Harbor Memory,Sci-Fi,2019
484,Seoul Road,Action,2013
485,Beyond the Kingdom,Horror,1985
486,Inside the Red Witness,Romance,1979
487,Savage Days,Sci-Fi,1992
488,Song Protocol Part 9,Thriller,2013
489,After Paris,Drama,2008
490,A Lost Valley Chapter 5,Crime,1994
491,A Urban Archive,Romance,2007
492,Before the Night,Animation,1993
493,Inside the Last Light,Action,2020
494,The Dream of Seoul,Sci-Fi,1987
495,Beyond the Fire,Animation,2018
496,Season Theory,Fantasy,1972
497,Archive Theory,Romance,2018
498,The Tower of Oslo,Sci-Fi,1992
499,A Parallel Signal,Action,1994
500,Island Protocol Part 9,Drama,2010
501,The Mirror of Iceland,Fantasy,1975
502,The Train of Moonbase Case 2,Action,1996
503,Beyond the Dream,Fantasy,1974
504,Return to Moonbase,Drama,2002
505,City of Amazon,Comedy,1975
506,Tokyo Heart,Sci-Fi,1987
507,After Seoul,Action,1982
508,Dream Theory,Crime,2015
509,Inside the Distant Voyage,Comedy,1981
510,Neon Labyrinth of Havana,Sci-Fi,1976
511,Castle Theory Chapter 9,Action,2016
512,Bright Light Case 9,Comedy,2004
513,A Hidden Code,Animation,1982
514,Beyond the Door,Action,2001
515,Carnival of Brooklyn,Crime,1974
516,Before the Road,Romance,1989
517,Before the Memory Case 3,Sci-Fi,1988
518,After Boston,Animation,2014
519,Beyond the Archive,Adventure,1984
520,Return to Brooklyn,Animation,1994
521,Cosmic Mirror of Moonbase,Romance,2021
522,A Frozen Castle,Animation,1981
523,A Brave Circle File 2,Action,1980
524,The Forgotten Valley Chapter 2,Drama,1976
525,Blue Castle,Action,1995
526,Parallel Horizon of Tokyo,Animation,1996
527,Solar Room of Havana,Animation,2007
528,The Secret of Tokyo,Romance,2012
529,Paris Ocean,Crime,1980
530,Shadow of Cairo,Crime,2014
531,The Song of Nowhere,Thriller,1979
532,Nowhere Season,Animation,2019
533,Brave Light,Romance,1987
534,Galaxy Theory,Drama,1979
535,Brave Ocean of Lisbon,Fantasy,1975
536,Secret Days,Crime,1981
537,Echo of Havana File 3,Sci-Fi,1974
538,The Galaxy of Eden,Animation,1986
539,Before the Shadow,Horror,2013
540,Return to Manhattan Case 3,Romance,1976
541,Inside the Urban Tower,Thriller,1989
542,Light Protocol Case 2,Drama,2018
543,The Dark Dawn,Crime,1991
544,The Memory of Seoul,Animation,1972
545,Lunar Galaxy,Sci-Fi,1978
546,A Urban Quest Case 3,Sci-Fi,2023
547,London Fire,Romance,1986
548,Legend Theory,Drama,1975
549,The Distant Station,Comedy,2021
550,Tokyo Dream,Comedy,1974
551,Inside the Iron City File 8,Horror,1972
552,Last Ocean,Mystery,1980
553,Lonely Quest,Crime,1981
554,Return to Harbor Case 7,Drama,1999
555,Gentle Door Case 2,Action,2002
556,The First Valley,Action,2020
557,Eternal Days,Fantasy,1981
558,Silent Heart of London,Action,1986
559,Savage Horizon of Montana File 2,Animation,2014
560,Restless Archive Part 6,Animation,1998
561,Seoul River,Crime,2008
562,Oslo River,Animation,1989
563,After London Part 9,Mystery,1994
564,Before the Dream,Drama,1993
565,The Red Labyrinth,Sci-Fi,2025
566,A Gentle Garden,Animation,1999
567,Beyond the Puzzle File 5,Horror,2022
568,The Distant Ocean,Action,2020
569,Paris Tower,Mystery,2004
570,Echo Protocol Case 7,Romance,1979
571,Train Theory,Drama,2002
572,A Glass Machine,Action,1988
573,The Midnight Season Chapter 3,Mystery,2015
574,After Berlin,Sci-Fi,2021
575,Return to Berlin,Animation,1979
576,The Urban Planet,Fantasy,1993
577,Beyond the River,Comedy,1998
578,Empire of Cairo,Romance,1990
579,Brave Days,Drama,2006
580,Lonely Days,Animation,1978
581,Return to Orion,Animation,2019
582,Before the Machine,Romance,2009
583,Light Protocol,Animation,2017
584,The Savage Shadow,Thriller,2002
585,Wandering Voyage,Crime,2016
586,The Tower of Lisbon,Horror,1988
587,Voyage Protocol,Adventure,1976
588,Midnight Days,Horror,1983
589,Solar Tower of Nowhere Chapter 8,Animation,2018
590,Carnival Theory,Action,1982
591,Bridge of Iceland Part 2,Drama,2014
592,Return to Cairo,Fantasy,1976
593,Echo Protocol,Adventure,2012
594,Before the Legend Part 2,Romance,1979
595,Quantum Garden,Action,2019
596,A Velvet Storm Case 3,Romance,1999
597,Return to Havana,Action,1977
598,Inside the Fallen River,Action,1978
599,The Voyage of Avalon,Drama,1983
600,The Cosmic Room,Sci-Fi,2025
601,Lost Days,Fantasy,1977
602,After Moonbase,Animation,2025
603,Beyond the Valley,Sci-Fi,2000
604,The River of Havana,Thriller,1991
605,Brooklyn Promise,Crime,2018
606,Return to Oslo Part 6,Crime,1978
607,Planet Theory,Comedy,1977
608,A Secret City,Drama,1996
609,Dark Mirror,Adventure,2018
610,Inside the Cosmic Train,Action,2010
611,Berlin Room,Action,1993
612,The Room of Avalon,Comedy,2008
613,The Horizon of Atlantis,Animation,2005
614,Season of Amazon Part 9,Horror,2008
615,Parallel Empire,Drama,2003
616,A Fallen Galaxy,Animation,1976
617,Beyond the City Part 8,Animation,1995
618,A Endless Ocean,Drama,2018
619,A Broken Code,Fantasy,1984
620,Glass Valley,Crime,2000
621,Inside the Ancient River,Comedy,1982
622,The Last Tower,Action,1999
623,The Secret Code,Adventure,1999
624,Bright Days,Animation,1990
625,The Message of Eden,Mystery,2024
626,The Road of Mars,Horror,1990
627,The Silent Train Case 8,Comedy,1972
628,Carnival of Lisbon,Adventure,1999
629,Red Days File 6,Action,2022
630,Inside the Secret Room Part 4,Comedy,1993
631,Before the Island,Action,2005
632,Return to London Part 9,Drama,2009
633,Beyond the Island,Romance,1988
634,A Secret Dawn File 2,Action,2000
635,Restless Empire of Oslo,Horror,2002
636,Quantum Valley,Animation,1998
637,The Blue Code,Action,2018
638,The Planet of Harbor,Fantasy,1994
639,Blue Ocean,Romance,2019
640,Distant Witness of Venice,Thriller,1974
641,Crimson Echo File 4,Action,2016
642,The City of Seoul,Mystery,1987
643,After Montana,Animation,2008
644,The Machine of Lisbon,Fantasy,1986
645,Neon Forest,Sci-Fi,2021
646,Storm of Harbor,Animation,1975
647,Wild Code,Fantasy,2009
648,Return to Atlantis Case 8,Romance,1990
649,Dream of Venice,Action,1993
650,Electric Quest,Comedy,2004
651,Road Protocol,Sci-Fi,2021
652,River of Iceland Chapter 9,Sci-Fi,2002
653,Garden Protocol Case 6,Comedy,1975
654,Kyoto Echo,Adventure,1991
655,The Castle of Nowhere,Animation,1988
656,Inside the Radiant Echo,Action,1973
657,Havana Mirror,Animation,1984
658,Cosmic City,Adventure,2021
659,The Dawn of Iceland,Animation,1984
660,Castle of Venice,Comedy,2019
661,A Bright Archive File 8,Crime,1984
662,Midnight Planet,Sci-Fi,2002
663,After Seoul Part 7,Romance,2017
664,The Quest of Orion,Crime,2001
665,Secret of Tokyo,Fantasy,2023
666,The Garden of London,Crime,1991
667,Blue Labyrinth of Paris File 6,Crime,1977
668,Inside the Parallel Message,Romance,1984
669,Urban Frontier of Nevada,Thriller,2009
670,Beyond the Tower,Animation,1996
671,Strange Dawn,Sci-Fi,2000
672,Beyond the Voyage File 6,Crime,2012
673,A Shadow River File 2,Sci-Fi,1977
674,Silver Season,Romance,1989
675,Message Protocol,Fantasy,2005
676,Voyage of Tokyo,Action,2006
677,Inside the Cosmic Dream,Thriller,2000
678,Golden Train of Brooklyn,Sci-Fi,2002
679,A Glass Witness,Drama,1994
680,Restless Days File 8,Action,2019
681,Garden Theory,Romance,1976
682,The Lonely Mirror Part 6,Mystery,2019
683,City Theory,Drama,1999
684,Forest of Cairo,Animation,1981
685,Return to Sahara Chapter 8,Animation,1982
686,Station Protocol,Comedy,1976
687,A Burning Bridge,Sci-Fi,1989
688,Horizon Theory Part 4,Animation,2011
689,The Quest of Moonbase,Horror,2016
690,Before the Kingdom,Comedy,2017
691,A Royal Signal File 3,Adventure,1998
692,The Dream of Havana Part 8,Romance,1986
693,The Radiant Code Part 4,Drama,1987
694,A Radiant Room Chapter 7,Animation,2008
695,Strange Signal,Mystery,1977
696,Inside the Crimson City,Animation,2002
697,Before the Light,Animation,1976
698,Inside the Hidden City,Romance,1976
699,Inside the Quantum Puzzle,Mystery,1987
700,Door Protocol File 2,Crime,1989
701,Final Frontier of Seoul Chapter 8,Mystery,1990
702,Inside the Ocean Light,Comedy,1988
703,The Velvet Secret,Adventure,2006
704,A Eternal Tower,Romance,1996
705,Blue Kingdom of Venice,Horror,1988
706,Sacred Song,Comedy,1978
707,Signal of Prague,Sci-Fi,1989
708,After Mars,Adventure,2024
709,Forgotten Shadow,Sci-Fi,2013
710,The Fire of Avalon,Animation,1977
711,Dream Protocol,Romance,1987
712,Return to Kyoto,Thriller,2009
713,Ocean of Moonbase Case 9,Drama,1985
714,The Forgotten Memory,Sci-Fi,1989
715,Forgotten Days Part 5,Comedy,1973
716,The Frontier of Mars File 5,Action,2021
717,Harbor Galaxy Chapter 9,Romance,2025
718,Before the Forest File 2,Romance,1980
719,Distant Code of Cairo,Mystery,2006
720,Inside the Brave Galaxy,Drama,2011
721,Inside the Lunar Bridge,Crime,2023
722,Eden Forest,Drama,1991
723,Machine Theory,Drama,1992
724,The Sacred Legend Case 6,Sci-Fi,1978
725,Dawn of Orion,Adventure,1980
726,Beyond the Castle,Romance,2020
727,Inside the Hollow Circle,Romance,1989
728,The Archive of Iceland,Romance,1985
729,The Dawn of Eden,Romance,1989
730,Tokyo Planet Part 6,Animation,2000
731,Mars Ocean,Sci-Fi,2002
732,Inside the Secret Kingdom,Crime,2019
733,Valley of Orion,Sci-Fi,2020
734,Sacred Galaxy of Eden Part 2,Sci-Fi,1977
735,Season of Moonbase,Comedy,1997
736,A Broken Kingdom File 7,Drama,2017
737,Room Theory Chapter 2,Animation,1986
738,Dark River of Avalon,Sci-Fi,2002
739,Night of Boston Chapter 5,Comedy,2005
740,The Island of Cairo,Drama,2019
741,Castle of Manhattan,Animation,2022
742,The Savage Fire,Romance,2011
743,Boston Voyage,Drama,1981
744,Return to Avalon,Romance,2010
745,Velvet Planet of Paris,Sci-Fi,2020
746,The Ancient Dream,Horror,1975
747,Beyond the Storm,Animation,2012
748,Iron Echo,Fantasy,2007
749,A Distant Circle File 4,Animation,1977
750,The Planet of Avalon,Action,1997
751,The Frontier of Berlin File 9,Fantasy,2010
752,Before the Voyage,Sci-Fi,2022
753,Inside the Gentle Station,Action,1995
754,The Frontier of Nevada,Comedy,2002
755,Crimson Train of Berlin,Action,1998
756,The Stranger of Brooklyn,Action,1981
757,After Sahara,Horror,1973
758,Silent Dawn of Oslo,Comedy,1976
759,The Lonely Dawn,Sci-Fi,2018
760,Archive Protocol,Drama,1977
761,After Brooklyn,Comedy,2006
762,A Lonely Valley,Thriller,2012
763,Return to Mars Chapter 9,Horror,2024
764,Before the Message,Action,2023
765,A Broken Heart,Sci-Fi,2013
766,Electric Puzzle of Tokyo,Drama,1985
767,Signal Protocol Chapter 7,Horror,2014
768,Inside the Final River,Crime,2018
769,Door Protocol,Action,1990
770,Radiant Days,Action,2000
771,Puzzle Protocol,Animation,1975
772,Dream of Havana,Action,2011
773,Before the Door,Fantasy,2023
774,The Door of Montana,Romance,2014
775,Lonely Horizon of Tokyo,Crime,1993
776,Castle Protocol,Sci-Fi,2014
777,Legend of Prague,Horror,2021
778,Lunar Empire of Nowhere,Sci-Fi,2011
779,Return to Lisbon,Animation,1994
780,Venice Bridge,Animation,1988
781,The Message of London File 2,Crime,2002
782,Inside the Solar Message,Mystery,2018
783,Witness Theory Chapter 8,Animation,1976
784,Mirror of Brooklyn,Action,1998
785,Beyond the Horizon Chapter 3,Sci-Fi,2024
786,After Harbor Part 5,Drama,2008
787,Strange Mirror,Horror,2002
788,Before the Stranger Chapter 6,Drama,1988
789,Inside the Shadow Bridge,Animation,1990
790,The Mirror of Tokyo,Romance,2020
791,Beyond the Room Case 6,Animation,2002
792,The Sacred Valley Case 3,Sci-Fi,2014
793,The Broken Door,Sci-Fi,2013
794,A Radiant Valley,Romance,2023
795,Circle of Iceland,Romance,1979
796,Echo Theory,Romance,2024
797,Return to Lisbon File 2,Animation,1983
798,Tower of Cairo,Romance,1984
799,The Dawn of Sahara,Animation,2022
800,The Season of Eden,Crime,1973
801,The Room of Iceland,Sci-Fi,1994
802,A Savage Tower,Animation,1987
803,Royal Days,Sci-Fi,1987
804,A Velvet Echo,Comedy,2022
805,Kingdom of Moonbase Part 3,Adventure,2007
806,Fallen Train,Drama,2003
807,Cairo Signal,Fantasy,1984
808,A Neon Shadow,Mystery,1976
809,Code of Iceland,Drama,1979
810,Secret Carnival Chapter 8,Action,1974
811,Beyond the Planet,Comedy,1979
812,Royal Night of London,Sci-Fi,2000
813,Train of Sahara,Action,2021
814,Station of Nowhere,Horror,1991
815,Return to Amazon Chapter 8,Animation,1980
816,Silver Valley Case 3,Sci-Fi,1994
817,Beyond the Night,Sci-Fi,1993
818,Ocean Witness of London,Sci-Fi,1973
819,Restless Days,Sci-Fi,2022
820,The Frozen Song,Adventure,2010
821,Beyond the Message,Drama,1981
822,Inside the Neon Mirror,Animation,1989
823,Storm Theory,Action,2006
824,Iron Valley of Venice File 9,Adventure,2001
825,Message Theory Chapter 4,Horror,1972
826,Inside the Distant Planet,Animation,1988
827,Galaxy Theory Part 5,Sci-Fi,2011
828,After Eden,Sci-Fi,1996
829,The Final Valley,Action,1999
830,Silver Days,Animation,1998
831,Return to Sahara File 3,Animation,1984
832,Return to Venice File 7,Comedy,1993
833,Restless Storm Part 2,Horror,2009
834,The Valley of Eden,Sci-Fi,1983
835,The Puzzle of Iceland,Comedy,2007
836,Orion Valley,Romance,2012
837,Code Protocol,Action,1979
838,Moonbase Ocean,Thriller,1981
839,Shadow Days,Sci-Fi,2018
840,Hidden Days,Comedy,1975
841,Burning Heart of Kyoto,Sci-Fi,2001
842,The Room of Kyoto,Sci-Fi,2012
843,The Empire of Prague,Adventure,1979
844,Before the Echo,Drama,2013
845,A Iron Heart,Drama,1998
846,Return to Nevada Part 3,Animation,2002
847,Beyond the Stranger,Animation,2001
848,Inside the Sacred Puzzle,Comedy,2025
849,After London,Thriller,1992
850,The Blue Dream,Thriller,2005
851,Dawn Theory,Crime,2023
852,Storm Protocol,Drama,1984
853,Carnival of Havana,Sci-Fi,2020
854,Before the Fire File 6,Adventure,2024
855,Beyond the Circle,Sci-Fi,2011
856,Signal of Boston,Drama,1989
857,Inside the Golden Mirror,Animation,2016
858,The Song of Boston,Drama,2008
859,Broken Days File 4,Sci-Fi,2005
860,Mars Season Chapter 2,Animation,1985
861,Electric Shadow,Romance,2000
862,Hollow Puzzle,Thriller,2006
863,The Lonely Shadow,Horror,1996
864,The Endless Circle,Crime,1976
865,The Neon Storm,Action,1995
866,The Distant Galaxy,Comedy,2014
867,The Silent Castle,Fantasy,1972
868,Hidden Heart,Sci-Fi,1997
869,Train Theory File 6,Romance,2002
870,The Archive of Manhattan,Fantasy,1986
871,Inside the Final Ocean,Thriller,2017
872,Kingdom Protocol Chapter 2,Drama,1981
873,The Dawn of Sydney,Horror,2007
874,The Restless Machine,Action,1995
875,Inside the Last Room,Crime,2019
876,Inside the Forgotten Signal,Animation,1997
877,Beyond the Fire Part 4,Comedy,1973
878,Moonbase Planet,Romance,1979
879,Mars Legend,Animation,2015
880,A Frozen Kingdom Case 4,Romance,2012
881,Forgotten Machine of Boston,Fantasy,2020
882,Labyrinth of Paris,Comedy,1999
883,Train Protocol,Romance,1986
884,Inside the Bright Heart,Sci-Fi,1992
885,Beyond the Message Case 9,Comedy,2009
886,Lisbon Echo Part 4,Comedy,1990
887,The Strange Voyage Chapter 5,Drama,2004
888,Galaxy of Lisbon,Animation,2013
889,Brooklyn Door,Sci-Fi,1997
890,Puzzle Theory Part 2,Romance,2011
891,Broken Season,Animation,2013
892,Inside the Royal Kingdom,Fantasy,1979
893,Beyond the Code Case 6,Action,2001
894,Horizon Protocol,Animation,2024
895,Carnival of Kyoto,Romance,2003
896,Solar Days,Action,2022
897,A Final Witness,Sci-Fi,1994
898,Sacred Days,Romance,1980
899,Inside the Secret Code,Drama,2012
900,Horizon of Montana,Fantasy,1983
901,Inside the Ancient Signal,Mystery,2002
902,The Voyage of Kyoto,Sci-Fi,1986
903,Inside the Ocean Stranger,Action,1997
904,Inside the Wandering Shadow,Romance,1986
905,Silver Carnival of Manhattan,Sci-Fi,1980
906,Circle of Seoul Chapter 4,Fantasy,1997
907,Red Days,Horror,2005
908,Paris Frontier File 7,Mystery,2018
909,Inside the Gentle Tower,Action,2025
910,Beyond the Memory,Sci-Fi,2022
911,Wild Promise,Animation,1984
912,Montana Ocean,Animation,1994
913,The Shadow Promise Part 7,Comedy,1977
914,Ancient Secret of Sydney,Animation,1986
915,Return to Boston,Comedy,2017
916,A Hidden Dawn,Action,2013
917,A Parallel Promise,Romance,2010
918,Berlin Train Part 6,Sci-Fi,1994
919,Forest Theory File 3,Animation,2018
920,Station Theory Chapter 7,Mystery,1984
921,Atlantis Echo,Animation,2000
922,Quantum Legend,Animation,2014
923,The Velvet Promise,Sci-Fi,1983
924,Inside the Golden Puzzle,Animation,2000
925,The Midnight Night,Action,2001
926,Frozen Days,Fantasy,2007
927,Final Days,Thriller,1999
928,Distant Labyrinth of Tokyo,Adventure,2006
929,Broken Bridge Part 7,Adventure,1976
930,Crimson Code of Avalon Part 6,Animation,2014
931,Return to Manhattan,Fantasy,1995
932,Before the Dawn,Thriller,2012
933,Ancient Road of Montana,Action,2009
934,The Light of Lisbon,Horror,1999
935,Invisible Days,Adventure,2025
936,Inside the Blue Puzzle,Animation,2006
937,Eden Message,Comedy,2016
938,Return to Prague Case 7,Animation,2017
939,Shadow Theory,Crime,1995
940,Forest Protocol,Drama,1997
941,Inside the Last Code Part 7,Drama,1988
942,Before the Castle,Romance,2010
943,Amazon Planet,Adventure,2024
944,Storm of Nevada Chapter 9,Romance,1984
945,Velvet Machine of Kyoto,Crime,2002
946,A Quantum Mirror,Drama,1997
947,Atlantis Road,Adventure,1997
948,Cairo Dawn,Animation,1979
949,Atlantis Ocean,Comedy,2024
950,The Room of Sydney,Sci-Fi,1991
951,After Havana Part 9,Romance,2016
952,The Stranger of Nowhere Part 4,Comedy,1994
953,Hidden Horizon of Eden,Adventure,2006
954,The Tower of Nevada File 2,Romance,2010
955,The Ocean of Venice,Comedy,1974
956,A Invisible Promise,Action,2008
957,Final Ocean,Action,1991
958,London Voyage,Sci-Fi,1973
959,Return to Moonbase Chapter 4,Animation,2019
960,The Lost Puzzle,Action,1999
961,Galaxy Protocol,Comedy,2008
962,Inside the Distant Legend,Drama,2009
963,Inside the Urban Valley,Thriller,2020
964,The Quest of Oslo,Animation,2016
965,Inside the Gentle Night File 2,Romance,1982
966,Machine Theory File 7,Animation,2012
967,A First Song,Animation,2025
968,The Sacred Signal,Comedy,1996
969,The Station of London,Animation,2015
970,Inside the Golden Season Chapter 8,Thriller,2022
971,Dawn of Moonbase,Animation,2000
972,Last Echo of Orion Chapter 6,Horror,1996
973,Silent Days,Drama,2013
974,Shadow Voyage,Drama,1974
975,The Message of Orion,Drama,2021
976,Inside the Final Quest,Romance,1973
977,Savage Road of Nowhere,Action,2024
978,Inside the Shadow Stranger,Crime,1974
979,The Lunar Storm,Horror,2020
980,Mirror of Moonbase,Action,2023
981,After Prague Chapter 5,Thriller,1983
982,Havana Signal,Action,1976
983,The Legend of Cairo,Horror,2021
984,The Train of Nevada Case 7,Action,2012
985,Return to Seoul,Animation,2024
986,Memory Theory Part 7,Action,1972
987,Forest of Lisbon,Drama,2020
988,Inside the Midnight Night,Romance,2008
989,The Neon Signal,Sci-Fi,1972
990,A Royal City,Fantasy,1990
991,After Cairo Chapter 5,Romance,1999
992,Return to Tokyo,Animation,1975
993,Shadow of Harbor,Romance,2017
994,Inside the Urban Dream,Romance,2015
995,A Burning Archive,Drama,2011
996,The Quantum Night,Animation,1980
997,Burning Carnival Part 3,Action,2002
998,Return to Iceland Chapter 8,Thriller,1982
999,Heart of Tokyo,Fantasy,2013
1000,Savage Secret of Sahara Case 2,Animation,1981
